{
    "languages": [
        {
            "languageid": "A001",
            "title": "Java",
            "year": 1995,
            "url": "https://1000logos.net/wp-content/uploads/2020/09/Java-Logo-640x400.png"
        },
        {
            "languageid": "A002",
            "title": "Python",
            "year": 1991,
            "url": "https://upload.wikimedia.org/wikipedia/commons/f/f8/Python_logo_and_wordmark.svg"
        },
        {
            "languageid": "A003",
            "title": "JavaScript",
            "year": 1995,
            "url": "https://www.orientsoftware.com/Themes/OrientSoftwareTheme/Content/Images/blog/2021-12-16/what-can-you-do-with-javascript.jpg"
        }
    ]
  }