[
    {
      "id": "Add",
      "imagePath": "./images/javascriptmathadd.jpg",
      "text": "Adds x and y",
      "formula": "x+y"
    },
    {
      "id": "Subtract",
      "imagePath": "./images/javascriptmathsubtract.jpg",
      "text": "Subtracts y from x",
      "formula": "x-y"
    },
    {
        "id": "Multiply",
        "imagePath": "./images/javascriptmathmultiply.jpg",
        "text": "Multiplies x and y",
        "formula": "x * y"
    },


    {
        "id": "toUpperCase",
        "imagePath": "./images/javascriptstringstoUpperCase.jpg",
        "text": "Converts the string to upper case",
        "formula": "x.toUpperCase()"
    },
      {
        "id": "toLowerCase",
        "imagePath": "./images/javascriptstringstoLowerCase.jpg",
        "text": "Converts the string to lower case",
        "formula": "x.toLowerCase()"
      },
      {
          "id": "length",
          "imagePath": "./images/javascriptstringslength.jpg",
          "text": "Finds the length of the string",
          "formula": "x.length"
      }
]