[
    {
      "id": "Add",
      "imagePath": "./images/pythonmathadd.jpg",
      "text": "Adds x and y",
      "formula": "x+y"
    },
    {
      "id": "Subtract",
      "imagePath": "./images/pythonmathsubtract.jpg",
      "text": "Subtracts y from x",
      "formula": "x-y"
    },
    {
        "id": "Multiply",
        "imagePath": "./images/pythonmathmultiply.jpg",
        "text": "Multiplies x and y",
        "formula": "x * y"
    },


    {
        "id": "upper",
        "imagePath": "./images/pythonstringupper.jpg",
        "text": "Converts the string to upper case",
        "formula": "x.upper()"
    },
      {
        "id": "lower",
        "imagePath": "./images/pythonstringlower.jpg",
        "text": "Converts the string to lower case",
        "formula": "x.lower()"
      },
      {
          "id": "len",
          "imagePath": "./images/pythonstringlength.jpg",
          "text": "Finds the length of the string",
          "formula": "len(x)"
      }
]